variant,position,Gnomad_Annotation,Gnomad_Allele.Frequency,Gnomad_Allele.Count,Gnomad_variant_count,Star_allele,CPIC_functional_status,CPIC_clinical_functional_status,CPIC_evidence
A106D,106,missense_variant,3.97819946692127e-06,1,1,A106D,NA,NA,NA
A106T,106,missense_variant,3.97804121250696e-06,1,1,A106T,NA,NA,NA
A149P,149,missense_variant,6.97856185797231e-06,1,1,A149P,NA,NA,NA
A149T,149,missense_variant,1.5921918909667e-05,4,1,*46,decreased function,decreased function,limited
A149V,149,missense_variant,7.605256753468e-06,3,1,A149V,NA,NA,NA
A161P,161,missense_variant,3.98263570831176e-06,1,1,A161P,NA,NA,NA
A173T,173,missense_variant,8.11309656613188e-05,32,1,A173T,NA,NA,NA
A173V,173,missense_variant,1.01403423379573e-05,4,1,A173V,NA,NA,NA
A238S,238,missense_variant,4.02699698780625e-06,1,1,A238S,NA,NA,NA
A238V,238,missense_variant,8.05366965457811e-06,2,1,A238V,NA,NA,NA
A297V,297,missense_variant,1.01385431927286e-05,4,1,A297V,NA,NA,NA
A309V,309,missense_variant,3.97968767411134e-06,1,1,A309V,NA,NA,NA
A321P,321,missense_variant,3.98111359709538e-06,1,1,A321P,NA,NA,NA
A350A,350,synonymous_variant,3.98130379736756e-06,1,1,A350A,NA,NA,NA
A439A,439,synonymous_variant,3.97791461804064e-06,1,1,A439A,NA,NA,NA
A441A,441,synonymous_variant,0.0171107752052274,6751,2,A441A,NA,NA,NA
A441T,441,missense_variant,6.98012061648425e-06,1,1,A441T,NA,NA,NA
A441V,441,missense_variant,2.2805941708013e-05,9,1,A441V,NA,NA,NA
A477T,477,missense_variant,1.5912418051047e-05,4,1,*30,decreased function,decreased function,limited
A477V,477,missense_variant,7.95595582853324e-06,2,1,A477V,NA,NA,NA
A82A,82,synonymous_variant,1.09566614877213e-05,2,2,A82A,NA,NA,NA
A86A,86,synonymous_variant,6.98265508476943e-06,1,1,A86A,NA,NA,NA
A86D,86,missense_variant,7.95627232728922e-06,2,1,A86D,NA,NA,NA
A86P,86,missense_variant,3.97810451276176e-06,1,1,A86P,NA,NA,NA
A86T,86,missense_variant,5.06767885105585e-06,2,1,A86T,NA,NA,NA
A86V,86,missense_variant,7.95627232728922e-06,2,1,A86V,NA,NA,NA
R108G,108,missense_variant,5.06785862701574e-06,2,1,R108G,NA,NA,NA
R124Q,124,missense_variant,5.8310811838616e-05,23,1,*42,no function,no function,limited
R124L,124,missense_variant,5.57755591499805e-05,22,1,R124L,NA,NA,NA
R124W,124,missense_variant,3.54991175933627e-05,14,1,*43,no function,no function,limited
R125C,125,missense_variant,5.83143600379297e-05,23,1,R125C,NA,NA,NA
R125H,125,missense_variant,0.00176939105570286,698,1,*14,decreased function,decreased function,moderate
R125L,125,missense_variant,1.59206514730583e-05,4,1,R125L,NA,NA,NA
R125P,125,missense_variant,3.98016286826457e-06,1,1,R125P,NA,NA,NA
R132Q,132,missense_variant,7.60587376277787e-05,30,1,*33,decreased function,no function,limited
R132W,132,missense_variant,0.000296708814534167,117,1,*45,no function,no function,limited
R144R,144,synonymous_variant,7.96045247211852e-06,2,1,R144R,NA,NA,NA
R144C,144,missense_variant,0.0907783902753196,35801,1,*2,decreased function,decreased function,definitive
R144H,144,missense_variant,7.85764980229139e-05,31,1,R144H,NA,NA,NA
R150C,150,missense_variant,7.60606659871914e-05,30,1,R150C,NA,NA,NA
R150H,150,missense_variant,0.0089192450840204,3518,1,*8,decreased function,decreased function,definitive
R150L,150,missense_variant,8.36637629425306e-05,33,1,*27,uncertain function,uncertain function,inadequate evidence
R150P,150,missense_variant,1.39631651702808e-05,2,1,R150P,NA,NA,NA
R186C,186,missense_variant,6.84820323438102e-05,27,1,R186C,NA,NA,NA
R186L,186,missense_variant,6.98606977686493e-06,1,1,R186L,NA,NA,NA
R186S,186,missense_variant,1.01454862731571e-05,4,1,R186S,NA,NA,NA
R26I,26,missense_variant,6.97797750300053e-06,1,1,R26I,NA,NA,NA
R26K,26,missense_variant,3.98301641799368e-06,1,1,R26K,NA,NA,NA
R307K,307,missense_variant,3.97940261207987e-06,1,1,R307K,NA,NA,NA
R329C,329,missense_variant,3.04373852256932e-05,12,1,R329C,NA,NA,NA
R329G,329,missense_variant,3.98263570831176e-06,1,1,R329G,NA,NA,NA
R329H,329,missense_variant,5.07359245861217e-06,2,1,R329H,NA,NA,NA
R329S,329,missense_variant,6.98509380980987e-06,1,1,R329S,NA,NA,NA
R335R,335,synonymous_variant,3.98133549917985e-06,1,1,R335R,NA,NA,NA
R335Q,335,missense_variant,2.79024934682799e-05,11,1,*34,uncertain function,uncertain function,inadequate evidence
R335W,335,missense_variant,0.00492493406370461,1942,1,*11,decreased function,decreased function,definitive
R342R,342,synonymous_variant,2.21922457500707e-05,7,2,R342R,NA,NA,NA
R342G,342,missense_variant,2.28139195327709e-05,9,1,R342G,NA,NA,NA
R342K,342,missense_variant,7.6064137280555e-06,3,1,R342K,NA,NA,NA
R357R,357,synonymous_variant,3.98158913185431e-06,1,1,R357R,NA,NA,NA
R357G,357,missense_variant,5.07040253925759e-06,2,1,R357G,NA,NA,NA
R357S,357,missense_variant,3.98158913185431e-06,1,1,R357S,NA,NA,NA
R433R,433,synonymous_variant,1.9893213231374e-05,5,3,R433R,NA,NA,NA
R433Q,433,missense_variant,1.01375667812212e-05,4,1,R433Q,NA,NA,NA
R433W,433,missense_variant,4.37650691090228e-05,11,1,R433W,NA,NA,NA
R97G,97,missense_variant,3.97785132382892e-06,1,1,R97G,NA,NA,NA
R97K,97,missense_variant,1.39582926216465e-05,2,1,R97K,NA,NA,NA
R97T,97,missense_variant,0.000108946261623046,43,1,R97T,NA,NA,NA
N196N,196,synonymous_variant,1.01484721475182e-05,4,1,N196N,NA,NA,NA
N196I,196,missense_variant,3.98463524648954e-06,1,1,N196I,NA,NA,NA
N217N,217,synonymous_variant,6.9815825851404e-06,1,1,N217N,NA,NA,NA
N218I,218,missense_variant,5.16819903768134e-06,2,1,N218I,NA,NA,NA
N218T,218,missense_variant,6.98772954691562e-06,1,1,N218T,NA,NA,NA
N236N,236,synonymous_variant,2.55530967797987e-05,10,1,N236N,NA,NA,NA
N236K,236,missense_variant,6.99339823206893e-06,1,1,N236K,NA,NA,NA
N236T,236,missense_variant,4.02039142530917e-06,1,1,N236T,NA,NA,NA
N258S,258,missense_variant,1.60793677592597e-05,4,1,N258S,NA,NA,NA
N259N,259,synonymous_variant,8.0300000803e-06,2,1,N259N,NA,NA,NA
N259I,259,missense_variant,4.01470989706284e-06,1,1,N259I,NA,NA,NA
N259K,259,missense_variant,1.5017241377691e-05,3,2,N259K,NA,NA,NA
N259S,259,missense_variant,5.09824314541209e-06,2,1,N259S,NA,NA,NA
N277N,277,synonymous_variant,3.98016286826457e-06,1,1,N277N,NA,NA,NA
N289K,289,missense_variant,3.97962432346387e-06,1,1,N289K,NA,NA,NA
N334K,334,missense_variant,7.60753247148443e-06,3,1,N334K,NA,NA,NA
N398I,398,missense_variant,3.98063817591236e-06,1,1,N398I,NA,NA,NA
N403N,403,synonymous_variant,7.60467839815054e-06,3,1,N403N,NA,NA,NA
N418T,418,missense_variant,3.98139890431902e-06,1,1,N418T,NA,NA,NA
N41I,41,missense_variant,2.28154232261008e-05,9,1,N41I,NA,NA,NA
N455N,455,synonymous_variant,3.97794626590184e-06,1,1,N455N,NA,NA,NA
N455K,455,missense_variant,6.98021806201226e-06,1,1,N455K,NA,NA,NA
N455T,455,missense_variant,1.396570024021e-05,2,1,N455T,NA,NA,NA
N457N,457,synonymous_variant,7.95601912626998e-06,2,1,N457N,NA,NA,NA
N457S,457,missense_variant,9.37739186853404e-05,37,1,N457S,NA,NA,NA
N466K,466,missense_variant,5.06731933739732e-06,2,1,N466K,NA,NA,NA
N474N,474,synonymous_variant,3.97804121250696e-06,1,1,N474N,NA,NA,NA
N474S,474,missense_variant,0.000121631072684702,48,1,N474S,NA,NA,NA
N56S,56,missense_variant,5.07251155264506e-06,2,1,N56S,NA,NA,NA
D143D,143,synonymous_variant,0.000648939136606758,256,1,D143D,NA,NA,NA
D165G,165,missense_variant,3.98082833075906e-06,1,1,D165G,NA,NA,NA
D188Y,188,missense_variant,6.98450836045651e-06,1,1,D188Y,NA,NA,NA
D191E,191,missense_variant,6.98070533046659e-06,1,1,D191E,NA,NA,NA
D256D,256,synonymous_variant,4.03196542186454e-06,1,1,D256D,NA,NA,NA
D2N,2,missense_variant,1.19459089243904e-05,3,1,D2N,NA,NA,NA
D2V,2,missense_variant,2.09409465307832e-05,3,1,D2V,NA,NA,NA
D341G,341,missense_variant,1.01415764066366e-05,4,1,D341G,NA,NA,NA
D349N,349,missense_variant,7.9623539903337e-06,2,1,D349N,NA,NA,NA
D349E,349,missense_variant,3.98120869495979e-06,1,1,D349E,NA,NA,NA
D360N,360,missense_variant,6.59319480861984e-05,26,1,D360N,NA,NA,NA
D360E,360,missense_variant,0.00174577945046299,688,2,*5,decreased function,decreased function,NA
D373D,373,synonymous_variant,3.97981438145725e-06,1,1,D373D,NA,NA,NA
D373H,373,missense_variant,6.9816800714924e-06,1,1,D373H,NA,NA,NA
D397N,397,missense_variant,3.98155742600276e-06,1,1,D397N,NA,NA,NA
D397G,397,missense_variant,6.97943857396111e-06,1,1,D397G,NA,NA,NA
D408N,408,missense_variant,3.980796637023e-06,1,1,D408N,NA,NA,NA
D408E,408,missense_variant,7.60487117348232e-06,3,1,D408E,NA,NA,NA
D463D,463,synonymous_variant,0.000666352492867748,263,1,D463D,NA,NA,NA
D468H,468,missense_variant,3.97807286238255e-06,1,1,D468H,NA,NA,NA
D49D,49,synonymous_variant,3.98215992354253e-06,1,1,D49D,NA,NA,NA
D49G,49,missense_variant,2.53516270674252e-05,10,1,*37,decreased function,decreased function,limited
D49V,49,missense_variant,3.98238194228732e-06,1,1,D49V,NA,NA,NA
D89N,89,missense_variant,3.97794626590184e-06,1,1,D89N,NA,NA,NA
C13Y,13,missense_variant,7.9638124362895e-06,2,1,C13Y,NA,NA,NA
C151Y,151,missense_variant,3.98066986712524e-06,1,1,C151Y,NA,NA,NA
C172C,172,synonymous_variant,3.97981438145725e-06,1,1,C172C,NA,NA,NA
C172S,172,missense_variant,9.12686340127776e-05,36,1,C172S,NA,NA,NA
C172Y,172,missense_variant,6.98411811540557e-06,1,1,C172Y,NA,NA,NA
C175F,175,missense_variant,5.07047966737653e-06,2,1,C175F,NA,NA,NA
C179C,179,synonymous_variant,3.98022623605926e-06,1,1,C179C,NA,NA,NA
C216F,216,missense_variant,4.1116054174513e-06,1,1,C216F,NA,NA,NA
C216Y,216,missense_variant,6.99300699300699e-06,1,1,C216Y,NA,NA,NA
C338R,338,missense_variant,3.98114529587872e-06,1,1,C338R,NA,NA,NA
C338G,338,missense_variant,6.98070533046659e-06,1,1,C338G,NA,NA,NA
C372W,372,missense_variant,3.97971935019142e-06,1,1,C372W,NA,NA,NA
C435C,435,synonymous_variant,6.97963342965227e-06,1,1,C435C,NA,NA,NA
C435S,435,missense_variant,3.97832607951878e-06,1,1,C435S,NA,NA,NA
Q192Q,192,synonymous_variant,1.19520959992351e-05,3,1,Q192Q,NA,NA,NA
Q193R,193,missense_variant,6.98051041492154e-06,1,1,Q193R,NA,NA,NA
Q214K,214,missense_variant,3.99004085801839e-06,1,1,Q214K,NA,NA,NA
Q22X,22,stop_gained,5.07137966883891e-06,2,1,Q22X,NA,NA,NA
Q252X,252,stop_gained,4.05784869093801e-06,1,1,Q252X,NA,NA,NA
Q261P,261,missense_variant,4.00628184994071e-06,1,1,Q261P,NA,NA,NA
Q278Q,278,synonymous_variant,1.01393141767891e-05,4,1,Q278Q,NA,NA,NA
Q278H,278,missense_variant,3.97997277698621e-06,1,1,Q278H,NA,NA,NA
Q278K,278,missense_variant,6.98265508476943e-06,1,1,Q278K,NA,NA,NA
Q324R,324,missense_variant,5.07197127235471e-06,2,1,Q324R,NA,NA,NA
Q324Q,324,synonymous_variant,6.98470349933645e-06,1,1,Q324Q,NA,NA,NA
Q324H,324,missense_variant,6.98470349933645e-06,1,1,Q324H,NA,NA,NA
Q324X,324,stop_gained,3.04472704022084e-05,12,1,Q324X,NA,NA,NA
Q340R,340,missense_variant,7.96133973425048e-06,2,1,Q340R,NA,NA,NA
Q340X,340,stop_gained,1.52124417490251e-05,6,1,Q340X,NA,NA,NA
Q44H,44,missense_variant,3.98190621814475e-06,1,1,Q44H,NA,NA,NA
Q454R,454,missense_variant,7.60094048970326e-06,3,1,Q454R,NA,NA,NA
Q454H,454,missense_variant,9.6301026873055e-05,38,1,*19,uncertain function,uncertain function,inadequate evidence
Q454X,454,stop_gained,3.97794626590184e-06,1,1,Q454X,NA,NA,NA
E104D,104,missense_variant,6.08152281331245e-05,24,1,E104D,NA,NA,NA
E104X,104,stop_gained,7.95614572476509e-06,2,1,E104X,NA,NA,NA
E147X,147,stop_gained,6.97895148232929e-06,1,1,E147X,NA,NA,NA
E154G,154,missense_variant,3.04221067308911e-05,12,1,E154G,NA,NA,NA
E154K,154,missense_variant,7.96260759473512e-06,2,1,E154K,NA,NA,NA
E155D,155,missense_variant,9.05223333531109e-06,3,2,E155D,NA,NA,NA
E199K,199,missense_variant,2.53776189702777e-05,10,1,E199K,NA,NA,NA
E199V,199,missense_variant,3.98473051267543e-06,1,1,E199V,NA,NA,NA
E250X,250,stop_gained,4.05784869093801e-06,1,1,E250X,NA,NA,NA
E253X,253,stop_gained,4.05041962347299e-06,1,1,E253X,NA,NA,NA
E272G,272,missense_variant,1.39668705829772e-05,2,1,*10,uncertain function,uncertain function,inadequate evidence
E274Q,274,missense_variant,6.98626500300409e-06,1,1,E274Q,NA,NA,NA
E274K,274,missense_variant,2.28245653188338e-05,9,1,E274K,NA,NA,NA
E288E,288,synonymous_variant,6.97953600044669e-06,1,1,E288E,NA,NA,NA
E288G,288,missense_variant,1.01369501971637e-05,4,1,E288G,NA,NA,NA
E325K,325,missense_variant,3.98311160678722e-06,1,1,E325K,NA,NA,NA
E326E,326,synonymous_variant,3.98317506851061e-06,1,1,E326E,NA,NA,NA
E328G,328,missense_variant,3.98203306680259e-06,1,1,E328G,NA,NA,NA
E354E,354,synonymous_variant,7.9635587551365e-06,2,1,E354E,NA,NA,NA
E354K,354,missense_variant,3.98190621814475e-06,1,1,*24,no function,no function,limited
E354X,354,stop_gained,5.07150826655847e-06,2,1,E354X,NA,NA,NA
E400G,400,missense_variant,7.96089607846259e-06,2,1,E400G,NA,NA,NA
E400K,400,missense_variant,3.98063817591236e-06,1,1,E400K,NA,NA,NA
E405E,405,synonymous_variant,6.98187505236406e-06,1,1,E405E,NA,NA,NA
E405V,405,missense_variant,1.77458690152057e-05,7,1,E405V,NA,NA,NA
E415K,415,missense_variant,1.26764562712964e-05,5,1,E415K,NA,NA,NA
E438G,438,missense_variant,3.97813616364461e-06,1,1,E438G,NA,NA,NA
E85A,85,missense_variant,1.39616055846422e-05,2,1,E85A,NA,NA,NA
E92D,92,missense_variant,3.97772474144789e-06,1,1,E92D,NA,NA,NA
E93Q,93,missense_variant,6.98002317367694e-06,1,1,E93Q,NA,NA,NA
E93E,93,synonymous_variant,4.37532317728014e-05,11,1,E93E,NA,NA,NA
G109R,109,missense_variant,7.95620902552352e-06,2,1,G109R,NA,NA,NA
G109E,109,missense_variant,3.97845270017585e-06,1,1,G109E,NA,NA,NA
G111E,111,missense_variant,3.98127209606013e-06,1,1,G111E,NA,NA,NA
G135R,135,missense_variant,3.97997277698621e-06,1,1,G135R,NA,NA,NA
G135G,135,synonymous_variant,6.98021806201226e-06,1,1,G135G,NA,NA,NA
G137G,137,synonymous_variant,1.19379228014326e-05,3,1,G137G,NA,NA,NA
G171R,171,missense_variant,3.98013118512386e-06,1,1,G171R,NA,NA,NA
G171C,171,missense_variant,3.98013118512386e-06,1,1,G171C,NA,NA,NA
G228E,228,missense_variant,1.02300743726407e-05,4,1,G228E,NA,NA,NA
G296G,296,synonymous_variant,6.98060787133344e-06,1,1,G296G,NA,NA,NA
G298R,298,missense_variant,6.9815825851404e-06,1,1,G298R,NA,NA,NA
G298G,298,synonymous_variant,3.9792759309516e-06,1,1,G298G,NA,NA,NA
G32R,32,missense_variant,7.96362217390958e-06,2,1,G32R,NA,NA,NA
G32D,32,missense_variant,3.98209649416225e-06,1,1,G32D,NA,NA,NA
G32G,32,synonymous_variant,5.07089105697653e-06,2,1,G32G,NA,NA,NA
G384S,384,missense_variant,6.99046500573218e-06,1,1,G384S,NA,NA,NA
G40R,40,missense_variant,1.01423992859751e-05,4,1,G40R,NA,NA,NA
G40V,40,missense_variant,1.01414735561077e-05,4,1,G40V,NA,NA,NA
G416C,416,missense_variant,3.98120869495979e-06,1,1,G416C,NA,NA,NA
G416S,416,missense_variant,1.26765205486398e-05,5,1,G416S,NA,NA,NA
G417G,417,synonymous_variant,3.98158913185431e-06,1,1,G417G,NA,NA,NA
G431R,431,missense_variant,3.98972247490465e-06,1,1,G431R,NA,NA,NA
G437R,437,missense_variant,3.97823111931511e-06,1,1,G437R,NA,NA,NA
G442S,442,missense_variant,0.000309150343359603,122,1,G442S,NA,NA,NA
G46D,46,missense_variant,1.01418335420861e-05,4,1,G46D,NA,NA,NA
G46V,46,missense_variant,1.01418335420861e-05,4,1,G46V,NA,NA,NA
G475R,475,missense_variant,5.06775589633399e-06,2,1,G475R,NA,NA,NA
G475G,475,synonymous_variant,0.0578292671799837,22817,1,G475G,NA,NA,NA
G62D,62,missense_variant,6.97943857396111e-06,1,1,G62D,NA,NA,NA
G62S,62,missense_variant,7.95709534191639e-06,2,1,G62S,NA,NA,NA
G70R,70,missense_variant,1.52067355700752e-05,6,1,*20,uncertain function,uncertain function,inadequate evidence
G70D,70,missense_variant,3.97873762612598e-06,1,1,G70D,NA,NA,NA
G70C,70,missense_variant,6.9816800714924e-06,1,1,G70C,NA,NA,NA
G70G,70,synonymous_variant,3.97895926341506e-06,1,1,G70G,NA,NA,NA
G70S,70,missense_variant,3.97883261051208e-06,1,1,G70S,NA,NA,NA
G91R,91,missense_variant,2.02696882015212e-05,8,1,G91R,NA,NA,NA
G96V,96,missense_variant,3.97759816712276e-06,1,1,G96V,NA,NA,NA
G98R,98,missense_variant,1.39592668593045e-05,2,1,G98R,NA,NA,NA
G98D,98,missense_variant,3.97747160085277e-06,1,1,G98D,NA,NA,NA
G98C,98,missense_variant,1.19323198816314e-05,3,1,G98C,NA,NA,NA
G98V,98,missense_variant,2.78423012059694e-05,7,1,*39,no function,no function,limited
H184Q,184,missense_variant,2.09394848886717e-05,3,1,H184Q,NA,NA,NA
H184H,184,synonymous_variant,6.97982829622391e-06,1,1,H184H,NA,NA,NA
H230D,230,missense_variant,3.57661100778679e-05,14,1,H230D,NA,NA,NA
H230Q,230,missense_variant,4.02433920350278e-06,1,1,H230Q,NA,NA,NA
H251R,251,missense_variant,0.0117639819078779,4588,1,*9,normal function,normal function,strong
H251H,251,synonymous_variant,1.7956821539977e-05,7,1,H251H,NA,NA,NA
H276R,276,missense_variant,6.97817227711718e-06,1,1,H276R,NA,NA,NA
H344L,344,missense_variant,3.98146231147776e-06,1,1,H344L,NA,NA,NA
H353Q,353,missense_variant,6.98177756056692e-06,1,1,H353Q,NA,NA,NA
H353H,353,synonymous_variant,1.26781276941021e-05,5,1,H353H,NA,NA,NA
H368Y,368,missense_variant,3.97987773815588e-06,1,1,H368Y,NA,NA,NA
H396R,396,missense_variant,5.32389567192634e-05,21,1,H396R,NA,NA,NA
H410R,410,missense_variant,1.26747210293901e-05,5,1,H410R,NA,NA,NA
H410Y,410,missense_variant,5.06999122891517e-06,2,1,H410Y,NA,NA,NA
H411H,411,synonymous_variant,1.01397768235121e-05,4,1,H411H,NA,NA,NA
H78H,78,synonymous_variant,7.60221173680129e-06,3,1,H78H,NA,NA,NA
H78P,78,missense_variant,3.97845270017585e-06,1,1,H78P,NA,NA,NA
H78Y,78,missense_variant,6.98090025689713e-06,1,1,H78Y,NA,NA,NA
I112I,112,synonymous_variant,0.000111541503579468,44,1,I112I,NA,NA,NA
I141N,141,missense_variant,3.98003613872814e-06,1,1,I141N,NA,NA,NA
I141T,141,missense_variant,1.521043638742e-05,6,1,I141T,NA,NA,NA
I141V,141,missense_variant,3.97965599853549e-06,1,1,I141V,NA,NA,NA
I169I,169,synonymous_variant,3.98025792071326e-06,1,1,I169I,NA,NA,NA
I178S,178,missense_variant,1.0138337616781e-05,4,1,I178S,NA,NA,NA
I178V,178,missense_variant,1.19410589331062e-05,3,1,I178V,NA,NA,NA
I181V,181,missense_variant,2.02797592792574e-05,8,1,I181V,NA,NA,NA
I205M,205,missense_variant,3.98561988346047e-06,1,1,I205M,NA,NA,NA
I205F,205,missense_variant,3.98511162297656e-06,1,1,I205F,NA,NA,NA
I207I,207,synonymous_variant,2.28378865312295e-05,9,1,I207I,NA,NA,NA
I207F,207,missense_variant,2.53723390759394e-05,10,1,I207F,NA,NA,NA
I207T,207,missense_variant,3.98587406232313e-06,1,1,*48,uncertain function,uncertain function,inadequate evidence
I213L,213,missense_variant,2.03077641659347e-05,8,1,I213L,NA,NA,NA
I213T,213,missense_variant,1.77702860508332e-05,7,1,I213T,NA,NA,NA
I223T,223,missense_variant,6.98411811540557e-06,1,1,I223T,NA,NA,NA
I223V,223,missense_variant,4.05972669919861e-06,1,1,I223V,NA,NA,NA
I244N,244,missense_variant,4.03626177579373e-06,1,1,I244N,NA,NA,NA
I264S,264,missense_variant,1.01870339431971e-05,4,1,I264S,NA,NA,NA
I264T,264,missense_variant,8.0188603595657e-06,2,1,I264T,NA,NA,NA
I284I,284,synonymous_variant,3.97997277698621e-06,1,1,I284I,NA,NA,NA
I327T,327,missense_variant,0.000162322016445249,64,1,*31,decreased function,decreased function,limited
I359L,359,missense_variant,0.0577215652068077,22764,1,*3,decreased function,no function,definitive
I359T,359,missense_variant,2.02859301859713e-05,8,1,*4,decreased function,decreased function,NA
I359V,359,missense_variant,5.0709939148073e-06,2,1,I359V,NA,NA,NA
I374V,374,missense_variant,6.97982829622391e-06,1,1,I374V,NA,NA,NA
I381I,381,synonymous_variant,3.980796637023e-06,1,1,I381I,NA,NA,NA
I387L,387,missense_variant,3.98133549917985e-06,1,1,I387L,NA,NA,NA
I387V,387,missense_variant,7.96267099835969e-06,2,1,*56,uncertain function,uncertain function,inadequate evidence
I389T,389,missense_variant,3.54917380304114e-05,14,1,I389T,NA,NA,NA
I39F,39,missense_variant,7.96412956045969e-06,2,1,I39F,NA,NA,NA
I42V,42,missense_variant,7.60471695243503e-06,3,1,I42V,NA,NA,NA
I45M,45,missense_variant,3.98187450724303e-06,1,1,I45M,NA,NA,NA
I47I,47,synonymous_variant,4.31025739843005e-05,17,1,I47I,NA,NA,NA
I488F,488,missense_variant,3.97902259289028e-06,1,1,I488F,NA,NA,NA
I488V,488,missense_variant,3.97902259289028e-06,1,1,I488V,NA,NA,NA
I50V,50,missense_variant,3.98250882125704e-06,1,1,I50V,NA,NA,NA
I74T,74,missense_variant,1.01368988185444e-05,4,1,I74T,NA,NA,NA
I74V,74,missense_variant,7.60232732580534e-06,3,1,I74V,NA,NA,NA
I88I,88,synonymous_variant,1.77368759786955e-05,7,1,I88I,NA,NA,NA
I88T,88,missense_variant,7.34798538511045e-05,29,1,I88T,NA,NA,NA
I88V,88,missense_variant,3.97791461804064e-06,1,1,I88V,NA,NA,NA
I99N,99,missense_variant,1.52031906429429e-05,6,1,I99N,NA,NA,NA
I99L,99,missense_variant,1.52039611386753e-05,6,1,I99L,NA,NA,NA
I99T,99,missense_variant,1.19322249622146e-05,3,1,I99T,NA,NA,NA
L102L,102,synonymous_variant,7.95554441791925e-06,2,2,L102L,NA,NA,NA
L11L,11,synonymous_variant,3.98187450724303e-06,1,1,L11L,NA,NA,NA
L128R,128,missense_variant,6.98138762060347e-06,1,1,L128R,NA,NA,NA
L128P,128,missense_variant,1.01405994108312e-05,4,1,L128P,NA,NA,NA
L152P,152,missense_variant,3.980796637023e-06,1,1,L152P,NA,NA,NA
L156V,156,missense_variant,3.98168425243878e-06,1,1,L156V,NA,NA,NA
L16L,16,synonymous_variant,5.07094248537033e-06,2,1,L16L,NA,NA,NA
L170L,170,synonymous_variant,3.55024371511437e-05,14,2,L170L,NA,NA,NA
L170M,170,missense_variant,5.07006834452128e-06,2,1,L170M,NA,NA,NA
L17L,17,synonymous_variant,3.98196964146345e-06,1,1,L17L,NA,NA,NA
L17F,17,missense_variant,3.98190621814475e-06,1,1,L17F,NA,NA,NA
L19R,19,missense_variant,3.98222335494353e-06,1,1,L19R,NA,NA,NA
L19I,19,missense_variant,7.60930770518498e-06,3,1,*7,uncertain function,uncertain function,NA
L201L,201,synonymous_variant,3.9847940259968e-06,1,1,L201L,NA,NA,NA
L201V,201,missense_variant,6.97992573359019e-06,1,1,L201V,NA,NA,NA
L208F,208,missense_variant,2.79049001004576e-05,7,1,L208F,NA,NA,NA
L234L,234,synonymous_variant,4.02242906446345e-06,1,1,L234L,NA,NA,NA
L268P,268,missense_variant,4.01036277741684e-06,1,1,L268P,NA,NA,NA
L287L,287,synonymous_variant,1.01384917979601e-05,4,1,L287L,NA,NA,NA
L294L,294,synonymous_variant,7.60417722802393e-06,3,1,L294L,NA,NA,NA
L294F,294,missense_variant,1.45855648486274e-05,4,2,L294F,NA,NA,NA
L29R,29,missense_variant,6.98060787133344e-06,1,1,L29R,NA,NA,NA
L306L,306,synonymous_variant,3.9792759309516e-06,1,1,L306L,NA,NA,NA
L306P,306,missense_variant,3.97924426192977e-06,1,1,L306P,NA,NA,NA
L311L,311,synonymous_variant,5.0694257861412e-06,2,1,L311L,NA,NA,NA
L311F,311,missense_variant,6.98226504678118e-06,1,1,L311F,NA,NA,NA
L314R,314,missense_variant,3.98054310530129e-06,1,1,L314R,NA,NA,NA
L314V,314,missense_variant,3.98028960587172e-06,1,1,L314V,NA,NA,NA
L361I,361,missense_variant,5.07076249055571e-06,2,1,*55,decreased function,decreased function,limited
L361F,361,missense_variant,3.98146231147776e-06,1,1,L361F,NA,NA,NA
L362L,362,synonymous_variant,0.000110466934650609,43,2,L362L,NA,NA,NA
L362V,362,missense_variant,6.84500872104815e-05,27,1,L362V,NA,NA,NA
L366L,366,synonymous_variant,3.98016286826457e-06,1,2,L366L,NA,NA,NA
L36R,36,missense_variant,3.98190621814475e-06,1,1,L36R,NA,NA,NA
L36L,36,synonymous_variant,5.07081391634171e-06,2,1,L36L,NA,NA,NA
L380L,380,synonymous_variant,0.000119136941577272,47,1,L380L,NA,NA,NA
L380F,380,missense_variant,1.26739499632455e-05,5,1,L380F,NA,NA,NA
L388V,388,missense_variant,3.98108189881682e-06,1,1,L388V,NA,NA,NA
L391L,391,synonymous_variant,2.02874734994877e-05,8,1,L391L,NA,NA,NA
L395L,395,synonymous_variant,5.07045395774284e-06,2,1,L395L,NA,NA,NA
L413L,413,synonymous_variant,1.39629702030216e-05,2,1,L413L,NA,NA,NA
L413M,413,missense_variant,6.97953600044669e-06,1,1,L413M,NA,NA,NA
L43L,43,synonymous_variant,6.97826966825306e-06,1,1,L43L,NA,NA,NA
L440L,440,synonymous_variant,4.05453347524201e-05,16,1,L440L,NA,NA,NA
L445Q,445,missense_variant,6.97934115019542e-06,1,1,L445Q,NA,NA,NA
L445V,445,missense_variant,5.06785862701574e-06,2,1,L445V,NA,NA,NA
L447F,447,missense_variant,9.6294681999483e-05,38,1,L447F,NA,NA,NA
L447S,447,missense_variant,3.97800956313499e-06,1,1,L447S,NA,NA,NA
L449L,449,synonymous_variant,3.97826277221263e-06,1,1,L449L,NA,NA,NA
L458V,458,missense_variant,3.97813616364461e-06,1,1,L458V,NA,NA,NA
L461V,461,missense_variant,3.97772474144789e-06,1,1,L461V,NA,NA,NA
L467F,467,missense_variant,3.97807286238255e-06,1,1,L467F,NA,NA,NA
L467P,467,missense_variant,1.01344846107851e-05,4,1,*60,decreased function,uncertain function,inadequate evidence
L485L,485,synonymous_variant,6.97788012001954e-06,1,1,L485L,NA,NA,NA
L4F,4,missense_variant,2.53496990990717e-05,10,1,L4F,NA,NA,NA
L57P,57,missense_variant,7.60171089173137e-06,3,1,L57P,NA,NA,NA
L67L,67,synonymous_variant,5.06819253049785e-06,2,1,L67L,NA,NA,NA
L67P,67,missense_variant,6.97788012001954e-06,1,1,L67P,NA,NA,NA
L71R,71,missense_variant,7.95728529254959e-06,2,1,L71R,NA,NA,NA
L71L,71,synonymous_variant,2.28070975687634e-05,9,1,L71L,NA,NA,NA
L77L,77,synonymous_variant,0.000104570011062164,36,2,L77L,NA,NA,NA
L7F,7,missense_variant,3.98124039525755e-06,1,1,L7F,NA,NA,NA
L90R,90,missense_variant,6.97963342965227e-06,1,1,L90R,NA,NA,NA
L90L,90,synonymous_variant,7.95557606326274e-06,2,1,L90L,NA,NA,NA
L90P,90,missense_variant,9.37477829916184e-05,37,1,*13,decreased function,no function,definitive
L9L,9,synonymous_variant,3.98127209606013e-06,1,1,L9L,NA,NA,NA
K119R,119,missense_variant,1.26727935399168e-05,5,1,*41,uncertain function,uncertain function,inadequate evidence
K119N,119,missense_variant,7.95912194966651e-06,2,1,K119N,NA,NA,NA
K119T,119,missense_variant,7.95969211910883e-06,2,1,K119T,NA,NA,NA
K121K,121,synonymous_variant,1.59206514730583e-05,4,1,K121K,NA,NA,NA
K138K,138,synonymous_variant,5.06888616295455e-06,2,1,K138K,NA,NA,NA
K190N,190,missense_variant,3.98361935720318e-06,1,1,K190N,NA,NA,NA
K190E,190,missense_variant,1.01439425447094e-05,4,1,K190E,NA,NA,NA
K200N,200,missense_variant,1.19556207358286e-05,3,1,K200N,NA,NA,NA
K206N,206,missense_variant,1.77642431163558e-05,7,1,K206N,NA,NA,NA
K235R,235,missense_variant,1.02055395668769e-05,4,1,K235R,NA,NA,NA
K235T,235,missense_variant,2.09450402144772e-05,3,1,K235T,NA,NA,NA
K241E,241,missense_variant,4.02518153568726e-06,1,1,K241E,NA,NA,NA
K249K,249,synonymous_variant,5.1316788800624e-06,2,1,K249K,NA,NA,NA
K273E,273,missense_variant,4.00567203159674e-06,1,1,K273E,NA,NA,NA
K273T,273,missense_variant,8.02478052225272e-06,2,1,K273T,NA,NA,NA
K275E,275,missense_variant,3.98038466437397e-06,1,1,K275E,NA,NA,NA
K275K,275,synonymous_variant,3.98063817591236e-06,1,1,K275K,NA,NA,NA
K383E,383,missense_variant,3.98117699516685e-06,1,1,K383E,NA,NA,NA
K420R,420,missense_variant,6.97885407216135e-06,1,1,K420R,NA,NA,NA
K423R,423,missense_variant,7.96635013702122e-06,2,1,K423R,NA,NA,NA
K423K,423,synonymous_variant,6.98060787133344e-06,1,1,K423K,NA,NA,NA
K459K,459,synonymous_variant,1.01381834402912e-05,4,1,K459K,NA,NA,NA
K459T,459,missense_variant,1.26695823598871e-05,5,1,K459T,NA,NA,NA
K465E,465,missense_variant,5.06806410087475e-06,2,1,K465E,NA,NA,NA
K59E,59,missense_variant,6.98051041492154e-06,1,1,K59E,NA,NA,NA
K59K,59,synonymous_variant,1.01370015763037e-05,4,1,K59K,NA,NA,NA
K72E,72,missense_variant,1.39588771479222e-05,2,1,K72E,NA,NA,NA
K84E,84,missense_variant,6.97973086157798e-06,1,1,K84E,NA,NA,NA
M129K,129,missense_variant,2.53499561445759e-05,10,1,M129K,NA,NA,NA
M129T,129,missense_variant,3.98060648520409e-06,1,1,M129T,NA,NA,NA
M136I,136,missense_variant,7.60383030278452e-06,3,1,M136I,NA,NA,NA
M136L,136,missense_variant,3.98028960587172e-06,1,1,M136L,NA,NA,NA
M198I,198,missense_variant,3.98542927058674e-06,1,1,M198I,NA,NA,NA
M240T,240,missense_variant,8.17056044938082e-05,32,1,M240T,NA,NA,NA
M255R,255,missense_variant,4.04583117555671e-06,1,1,M255R,NA,NA,NA
M255I,255,missense_variant,5.12520885226073e-06,2,1,M255I,NA,NA,NA
M257I,257,missense_variant,8.04369334223502e-06,2,1,M257I,NA,NA,NA
M269R,269,missense_variant,4.00981602964056e-06,1,1,M269R,NA,NA,NA
M269I,269,missense_variant,8.02400783143164e-06,2,1,M269I,NA,NA,NA
M269T,269,missense_variant,4.00981602964056e-06,1,1,M269T,NA,NA,NA
M271I,271,missense_variant,2.09582093305948e-05,3,1,M271I,NA,NA,NA
M271T,271,missense_variant,5.09541158187053e-06,2,1,M271T,NA,NA,NA
M345I,345,missense_variant,3.98152572065616e-06,1,1,M345I,NA,NA,NA
M345T,345,missense_variant,0.000121692129054503,48,1,M345T,NA,NA,NA
M426K,426,missense_variant,3.9847940259968e-06,1,1,M426K,NA,NA,NA
M443I,443,missense_variant,5.0675504474647e-06,2,1,M443I,NA,NA,NA
M443V,443,missense_variant,3.97791461804064e-06,1,1,M443V,NA,NA,NA
F100F,100,synonymous_variant,3.97759816712276e-06,1,1,F100F,NA,NA,NA
F134L,134,missense_variant,7.96222719419076e-06,2,1,F134L,NA,NA,NA
F183S,183,missense_variant,3.98111359709538e-06,1,1,F183S,NA,NA,NA
F187L,187,missense_variant,6.97914631082326e-06,1,1,F187L,NA,NA,NA
F219C,219,missense_variant,1.29188951760845e-05,5,1,F219C,NA,NA,NA
F263L,263,missense_variant,2.5486018370322e-05,10,1,F263L,NA,NA,NA
F267F,267,synonymous_variant,0.000912692544984525,358,1,F267F,NA,NA,NA
F282F,282,synonymous_variant,1.59191308154575e-05,4,1,F282F,NA,NA,NA
F295L,295,missense_variant,3.97952930127425e-06,1,1,F295L,NA,NA,NA
F376F,376,synonymous_variant,3.04159379514866e-05,12,1,F376F,NA,NA,NA
F407S,407,missense_variant,6.97875666471262e-06,1,1,F407S,NA,NA,NA
F412C,412,missense_variant,6.97885407216135e-06,1,1,F412C,NA,NA,NA
F419I,419,missense_variant,3.98174766868674e-06,1,1,F419I,NA,NA,NA
F428L,428,missense_variant,6.97856185797231e-06,1,1,F428L,NA,NA,NA
F428S,428,missense_variant,5.07413308436254e-06,2,1,F428S,NA,NA,NA
F446L,446,missense_variant,1.26695823598871e-05,5,1,F446L,NA,NA,NA
F448F,448,synonymous_variant,3.97813616364461e-06,1,1,F448F,NA,NA,NA
F476C,476,missense_variant,1.77358873011047e-05,7,1,F476C,NA,NA,NA
F476L,476,missense_variant,3.97791461804064e-06,1,1,F476L,NA,NA,NA
F482L,482,missense_variant,3.97816781503111e-06,1,1,F482L,NA,NA,NA
F65L,65,missense_variant,1.19352631327679e-05,3,1,F65L,NA,NA,NA
P101L,101,missense_variant,3.97759816712276e-06,1,1,P101L,NA,NA,NA
P101P,101,synonymous_variant,3.97772474144789e-06,1,1,P101P,NA,NA,NA
P163L,163,missense_variant,3.98152572065616e-06,1,1,*47,uncertain function,uncertain function,inadequate evidence
P166A,166,missense_variant,3.98066986712524e-06,1,1,P166A,NA,NA,NA
P166L,166,missense_variant,3.98092341499534e-06,1,1,P166L,NA,NA,NA
P166P,166,synonymous_variant,6.98392300923275e-06,1,1,P166P,NA,NA,NA
P166S,166,missense_variant,7.96133973425048e-06,2,1,P166S,NA,NA,NA
P174A,174,missense_variant,0.000187608698959025,74,1,P174A,NA,NA,NA
P174P,174,synonymous_variant,3.98006782035566e-06,1,1,P174P,NA,NA,NA
P211L,211,missense_variant,1.77718199866965e-05,7,1,P211L,NA,NA,NA
P211P,211,synonymous_variant,3.98717723800258e-06,1,1,P211P,NA,NA,NA
P211S,211,missense_variant,1.39799527477597e-05,2,1,P211S,NA,NA,NA
P211T,211,missense_variant,3.98679573253385e-06,1,1,P211T,NA,NA,NA
P221S,221,missense_variant,8.16339858609937e-06,2,1,P221S,NA,NA,NA
P227Q,227,missense_variant,8.07806643401835e-06,2,1,P227Q,NA,NA,NA
P227L,227,missense_variant,8.19479016215441e-05,32,1,P227L,NA,NA,NA
P227P,227,synonymous_variant,4.35531143038675e-05,17,1,P227P,NA,NA,NA
P260L,260,missense_variant,1.39797573114131e-05,2,1,P260L,NA,NA,NA
P279P,279,synonymous_variant,6.33597923826323e-05,25,2,P279P,NA,NA,NA
P279T,279,missense_variant,0.000324476148468118,128,1,*29,decreased function,decreased function,limited
P30L,30,missense_variant,0.000114087527951444,45,1,*21,uncertain function,uncertain function,inadequate evidence
P317P,317,synonymous_variant,6.97885407216135e-06,1,1,P317P,NA,NA,NA
P31P,31,synonymous_variant,3.98171596031026e-06,1,1,P31P,NA,NA,NA
P337L,337,missense_variant,1.26794137039103e-05,5,1,P337L,NA,NA,NA
P337T,337,missense_variant,7.60691519303815e-06,3,1,*58,decreased function,uncertain function,inadequate evidence
P33L,33,missense_variant,6.97982829622391e-06,1,1,P33L,NA,NA,NA
P33P,33,synonymous_variant,1.15884399367944e-05,4,2,P33P,NA,NA,NA
P346S,346,missense_variant,1.77481186994179e-05,7,1,P346S,NA,NA,NA
P35L,35,missense_variant,1.19454332608644e-05,3,1,P35L,NA,NA,NA
P35P,35,synonymous_variant,6.98031551026106e-06,1,1,P35P,NA,NA,NA
P363H,363,missense_variant,7.9615298875832e-06,2,1,P363H,NA,NA,NA
P363L,363,missense_variant,9.63405791589975e-05,38,1,P363L,NA,NA,NA
P363P,363,synonymous_variant,7.96146650212969e-06,2,1,P363P,NA,NA,NA
P367H,367,missense_variant,3.97997277698621e-06,1,1,P367H,NA,NA,NA
P367S,367,missense_variant,3.98016286826457e-06,1,1,P367S,NA,NA,NA
P37A,37,missense_variant,3.98209649416225e-06,1,1,P37A,NA,NA,NA
P37L,37,missense_variant,6.97934115019542e-06,1,1,P37L,NA,NA,NA
P37P,37,synonymous_variant,6.97768536221165e-06,1,1,P37P,NA,NA,NA
P37S,37,missense_variant,5.07112249296382e-06,2,1,P37S,NA,NA,NA
P382L,382,missense_variant,1.59239472280389e-05,4,1,P382L,NA,NA,NA
P382P,382,synonymous_variant,0.000182564112966616,72,1,P382P,NA,NA,NA
P402P,402,synonymous_variant,1.01402909249466e-05,4,1,P402P,NA,NA,NA
P404L,404,missense_variant,3.98028960587172e-06,1,1,P404L,NA,NA,NA
P404T,404,missense_variant,3.98047972741675e-06,1,1,P404T,NA,NA,NA
P409H,409,missense_variant,3.98092341499534e-06,1,1,P409H,NA,NA,NA
P427L,427,missense_variant,3.98542927058674e-06,1,1,P427L,NA,NA,NA
P427S,427,missense_variant,3.98549280618548e-06,1,1,P427S,NA,NA,NA
P471A,471,missense_variant,3.97829442561385e-06,1,1,P471A,NA,NA,NA
P471P,471,synonymous_variant,2.53408342202625e-05,10,1,P471P,NA,NA,NA
P480L,480,missense_variant,9.37610866149714e-05,37,1,P480L,NA,NA,NA
P480P,480,synonymous_variant,0.000144449343895875,57,1,P480P,NA,NA,NA
P480T,480,missense_variant,6.97817227711718e-06,1,1,P480T,NA,NA,NA
P481P,481,synonymous_variant,1.3956928917361e-05,2,1,P481P,NA,NA,NA
P481T,481,missense_variant,3.97797791426662e-06,1,1,P481T,NA,NA,NA
P489S,489,missense_variant,0.00170543814302367,673,1,*12,decreased function,decreased function,NA
P73L,73,missense_variant,4.30877164524109e-05,17,1,P73L,NA,NA,NA
S115R,115,missense_variant,0.000107926917660057,42,2,S115R,NA,NA,NA
S127F,127,missense_variant,7.60529531361703e-06,3,1,S127F,NA,NA,NA
S127P,127,missense_variant,3.9804480392313e-06,1,1,S127P,NA,NA,NA
S140N,140,missense_variant,2.38762256462498e-05,6,1,S140N,NA,NA,NA
S140S,140,synonymous_variant,7.95943870038285e-06,2,1,S140S,NA,NA,NA
S162L,162,missense_variant,3.98196964146345e-06,1,1,S162L,NA,NA,NA
S162S,162,synonymous_variant,7.96368559369276e-06,2,1,S162S,NA,NA,NA
S180F,180,missense_variant,5.57789530797588e-05,22,1,S180F,NA,NA,NA
S180P,180,missense_variant,5.57682070521433e-05,22,1,S180P,NA,NA,NA
S18L,18,missense_variant,3.98235022380808e-06,1,1,S18L,NA,NA,NA
S18S,18,synonymous_variant,3.55252406835056e-05,14,2,S18S,NA,NA,NA
S210R,210,missense_variant,6.98402056095653e-06,1,1,S210R,NA,NA,NA
S210N,210,missense_variant,1.19603871976015e-05,3,1,S210N,NA,NA,NA
S210I,210,missense_variant,6.9854841639074e-06,1,1,S210I,NA,NA,NA
S210S,210,synonymous_variant,3.98711364868744e-06,1,1,S210S,NA,NA,NA
S23N,23,missense_variant,3.98292123374968e-06,1,1,S23N,NA,NA,NA
S23S,23,synonymous_variant,3.98282605405491e-06,1,1,S23S,NA,NA,NA
S23T,23,missense_variant,6.97826966825306e-06,1,1,S23T,NA,NA,NA
S242R,242,missense_variant,1.42367275580228e-05,5,2,S242R,NA,NA,NA
S24P,24,missense_variant,6.97680908659615e-06,1,1,S24P,NA,NA,NA
S254S,254,synonymous_variant,6.98080279232112e-06,1,1,S254S,NA,NA,NA
S280P,280,missense_variant,6.98012061648425e-06,1,1,S280P,NA,NA,NA
S286N,286,missense_variant,6.98051041492154e-06,1,1,S286N,NA,NA,NA
S286S,286,synonymous_variant,1.52089712651836e-05,6,1,S286S,NA,NA,NA
S303N,303,missense_variant,3.97921259341202e-06,1,1,S303N,NA,NA,NA
S303G,303,missense_variant,1.39577081443227e-05,2,1,S303G,NA,NA,NA
S303I,303,missense_variant,7.60305947113118e-06,3,1,S303I,NA,NA,NA
S336R,336,missense_variant,6.98119266695522e-06,1,1,S336R,NA,NA,NA
S365R,365,missense_variant,0.000220527847344034,87,1,S365R,NA,NA,NA
S365N,365,missense_variant,5.07001693385656e-06,2,1,S365N,NA,NA,NA
S365I,365,missense_variant,6.98099772419474e-06,1,1,S365I,NA,NA,NA
S365S,365,synonymous_variant,7.96013564071132e-06,2,1,S365S,NA,NA,NA
S390F,390,missense_variant,3.9807649437916e-06,1,1,S390F,NA,NA,NA
S390S,390,synonymous_variant,3.98114529587872e-06,1,1,S390S,NA,NA,NA
S3C,3,missense_variant,7.60529531361703e-06,3,1,S3C,NA,NA,NA
S3P,3,missense_variant,3.18532203605785e-05,8,1,S3P,NA,NA,NA
S3Y,3,missense_variant,5.07019687574468e-05,20,1,S3Y,NA,NA,NA
S422G,422,missense_variant,0.000124253212833075,49,1,S422G,NA,NA,NA
S429S,429,synonymous_variant,2.03002405578506e-05,8,1,S429S,NA,NA,NA
S478T,478,missense_variant,4.81375822772623e-05,19,1,S478T,NA,NA,NA
S51R,51,missense_variant,3.98307987668385e-06,1,1,S51R,NA,NA,NA
S51N,51,missense_variant,3.983048147086e-06,1,1,S51N,NA,NA,NA
S53F,53,missense_variant,3.9836828351074e-06,1,1,S53F,NA,NA,NA
S53S,53,synonymous_variant,1.39590720008934e-05,2,1,S53S,NA,NA,NA
S58L,58,missense_variant,7.60174941593225e-06,3,1,S58L,NA,NA,NA
S95F,95,missense_variant,6.98197254688395e-06,1,1,S95F,NA,NA,NA
S95S,95,synonymous_variant,5.0673963717442e-06,2,1,S95S,NA,NA,NA
S95Y,95,missense_variant,3.97762980994885e-06,1,1,S95Y,NA,NA,NA
T130K,130,missense_variant,7.60618230497749e-06,3,1,T130K,NA,NA,NA
T130M,130,missense_variant,0.000109022499201347,43,1,*44,decreased function,decreased function,limited
T130T,130,synonymous_variant,0.000692204555739334,273,2,T130T,NA,NA,NA
T159N,159,missense_variant,3.98254054226272e-06,1,1,T159N,NA,NA,NA
T167T,167,synonymous_variant,3.98032129153465e-06,1,1,T167T,NA,NA,NA
T229A,229,missense_variant,6.98772954691562e-06,1,1,T229A,NA,NA,NA
T229P,229,missense_variant,4.02498712004122e-06,1,1,T229P,NA,NA,NA
T283T,283,synonymous_variant,3.97981438145725e-06,1,1,T283T,NA,NA,NA
T290A,290,missense_variant,6.97885407216135e-06,1,1,T290A,NA,NA,NA
T290N,290,missense_variant,6.97982829622391e-06,1,1,T290N,NA,NA,NA
T290T,290,synonymous_variant,7.95912194966651e-06,2,1,T290T,NA,NA,NA
T299A,299,missense_variant,0.000200227093006752,79,1,*16,decreased function,decreased function,limited
T299R,299,missense_variant,1.59167237015933e-05,4,1,*52,no function,no function,limited
T299K,299,missense_variant,3.97918092539832e-06,1,1,T299K,NA,NA,NA
T301A,301,missense_variant,3.97918092539832e-06,1,1,T301A,NA,NA,NA
T301M,301,missense_variant,2.53480284303487e-05,10,1,T301M,NA,NA,NA
T301T,301,synonymous_variant,1.26731147474502e-05,5,2,T301T,NA,NA,NA
T302S,302,missense_variant,3.97921259341202e-06,1,1,T302S,NA,NA,NA
T304A,304,missense_variant,6.97856185797231e-06,1,1,T304A,NA,NA,NA
T304P,304,missense_variant,3.97886427298192e-06,1,1,T304P,NA,NA,NA
T305A,305,missense_variant,5.06875769817575e-06,2,1,T305A,NA,NA,NA
T305S,305,missense_variant,3.97902259289028e-06,1,1,T305S,NA,NA,NA
T320I,320,missense_variant,3.98108189881682e-06,1,1,T320I,NA,NA,NA
T348A,348,missense_variant,3.98108189881682e-06,1,1,T348A,NA,NA,NA
T34A,34,missense_variant,1.01451774898802e-05,4,1,T34A,NA,NA,NA
T34S,34,missense_variant,3.98219163899043e-06,1,1,T34S,NA,NA,NA
T34T,34,synonymous_variant,3.9821282085998e-06,1,1,T34T,NA,NA,NA
T364A,364,missense_variant,6.98246006032845e-06,1,1,T364A,NA,NA,NA
T364I,364,missense_variant,1.19421997531945e-05,3,1,T364I,NA,NA,NA
T385S,385,missense_variant,1.99082627253615e-05,5,1,T385S,NA,NA,NA
T385T,385,synonymous_variant,1.15877328676879e-05,4,2,T385T,NA,NA,NA
T386T,386,synonymous_variant,7.96324167642164e-06,2,1,T386T,NA,NA,NA
T392N,392,missense_variant,3.98127209606013e-06,1,1,T392N,NA,NA,NA
T392I,392,missense_variant,3.98127209606013e-06,1,1,T392I,NA,NA,NA
T450N,450,missense_variant,5.06819253049785e-06,2,1,T450N,NA,NA,NA
T450I,450,missense_variant,3.97785132382892e-06,1,1,T450I,NA,NA,NA
T450T,450,synonymous_variant,4.37594978000907e-05,11,1,T450T,NA,NA,NA
T469N,469,missense_variant,6.97895148232929e-06,1,1,T469N,NA,NA,NA
T470I,470,missense_variant,3.97804121250696e-06,1,1,T470I,NA,NA,NA
T470T,470,synonymous_variant,1.19342185871476e-05,3,1,T470T,NA,NA,NA
T55I,55,missense_variant,5.07287180345666e-05,20,1,T55I,NA,NA,NA
T55T,55,synonymous_variant,3.98482578341675e-06,1,1,T55T,NA,NA,NA
W120R,120,missense_variant,3.97956097483326e-06,1,1,W120R,NA,NA,NA
W120L,120,missense_variant,6.97992573359019e-06,1,1,W120L,NA,NA,NA
W20C,20,missense_variant,1.91969521844631e-05,7,2,W20C,NA,NA,NA
W212C,212,missense_variant,5.07763707081273e-06,2,1,W212C,NA,NA,NA
Y189Y,189,synonymous_variant,7.96654052977495e-06,2,1,Y189Y,NA,NA,NA
Y225H,225,missense_variant,4.05087904075184e-06,1,1,Y225H,NA,NA,NA
Y308Y,308,synonymous_variant,7.60325216439245e-06,3,1,Y308Y,NA,NA,NA
Y347H,347,missense_variant,6.97934115019542e-06,1,1,Y347H,NA,NA,NA
Y358S,358,missense_variant,3.98152572065616e-06,1,1,Y358S,NA,NA,NA
Y358Y,358,synonymous_variant,6.98031551026106e-06,1,1,Y358Y,NA,NA,NA
Y379C,379,missense_variant,2.02807875029787e-05,8,1,Y379C,NA,NA,NA
Y379H,379,missense_variant,1.01394169835234e-05,4,1,Y379H,NA,NA,NA
Y379Y,379,synonymous_variant,0.000144509403252222,57,1,Y379Y,NA,NA,NA
Y424H,424,missense_variant,7.60826561976932e-06,3,1,Y424H,NA,NA,NA
Y68Y,68,synonymous_variant,2.28040925744807e-05,9,1,Y68Y,NA,NA,NA
Y80F,80,missense_variant,6.97817227711718e-06,1,1,Y80F,NA,NA,NA
Y80X,80,stop_gained,3.97823111931511e-06,1,1,Y80X,NA,NA,NA
V113A,113,missense_variant,6.97904889521656e-06,1,1,V113A,NA,NA,NA
V145I,145,missense_variant,3.98016286826457e-06,1,1,V145I,NA,NA,NA
V145F,145,missense_variant,6.59018670505873e-05,26,1,V145F,NA,NA,NA
V153A,153,missense_variant,7.85932318551045e-05,31,1,V153A,NA,NA,NA
V153G,153,missense_variant,1.01410621748522e-05,4,1,V153G,NA,NA,NA
V153V,153,synonymous_variant,1.01410107545419e-05,4,1,V153V,NA,NA,NA
V177M,177,missense_variant,6.98197254688395e-06,1,1,V177M,NA,NA,NA
V237A,237,missense_variant,8.04207614237692e-06,2,1,V237A,NA,NA,NA
V237I,237,missense_variant,2.30137826987496e-05,9,1,V237I,NA,NA,NA
V237F,237,missense_variant,1.61216215126917e-05,4,1,V237F,NA,NA,NA
V237V,237,synonymous_variant,4.02272032439217e-06,1,1,V237V,NA,NA,NA
V292A,292,missense_variant,3.98003613872814e-06,1,1,V292A,NA,NA,NA
V323A,323,missense_variant,1.19514293909552e-05,3,1,V323A,NA,NA,NA
V330A,330,missense_variant,1.5928385976649e-05,4,1,V330A,NA,NA,NA
V330V,330,synonymous_variant,3.98171596031026e-06,1,1,V330V,NA,NA,NA
V352M,352,missense_variant,5.07145682668803e-06,2,1,V352M,NA,NA,NA
V355I,355,missense_variant,6.98187505236406e-06,1,1,V355I,NA,NA,NA
V355V,355,synonymous_variant,3.98168425243878e-06,1,1,V355V,NA,NA,NA
V370A,370,missense_variant,7.60359903687746e-06,3,1,V370A,NA,NA,NA
V370V,370,synonymous_variant,1.52081231655201e-05,6,1,V370V,NA,NA,NA
V38E,38,missense_variant,3.98200135388046e-06,1,1,V38E,NA,NA,NA
V38V,38,synonymous_variant,6.97739324588334e-06,1,1,V38V,NA,NA,NA
V394M,394,missense_variant,3.98158913185431e-06,1,1,V394M,NA,NA,NA
V394V,394,synonymous_variant,7.96311485200551e-06,2,1,V394V,NA,NA,NA
V436A,436,missense_variant,5.0673963717442e-06,2,1,V436A,NA,NA,NA
V436M,436,missense_variant,3.97832607951878e-06,1,1,V436M,NA,NA,NA
V436V,436,synonymous_variant,0.000319300984257955,126,1,V436V,NA,NA,NA
V472A,472,missense_variant,1.52014958271894e-05,6,1,V472A,NA,NA,NA
V473A,473,missense_variant,3.97794626590184e-06,1,1,V473A,NA,NA,NA
V473V,473,synonymous_variant,5.06785862701574e-06,2,1,V473V,NA,NA,NA
V479L,479,missense_variant,3.97791461804064e-06,1,1,V479L,NA,NA,NA
V479V,479,synonymous_variant,3.97807286238255e-06,1,2,V479V,NA,NA,NA
V490F,490,missense_variant,3.04159379514866e-05,12,1,*32,uncertain function,uncertain function,inadequate evidence
V5A,5,missense_variant,0.000258551200742194,102,1,V5A,NA,NA,NA
V5L,5,missense_variant,3.98174766868674e-06,1,1,V5L,NA,NA,NA
V5V,5,synonymous_variant,1.77468588059913e-05,7,1,V5V,NA,NA,NA
V60A,60,missense_variant,3.97845270017585e-06,1,1,V60A,NA,NA,NA
V64M,64,missense_variant,3.97867430572133e-06,1,1,V64M,NA,NA,NA
V6F,6,missense_variant,6.97885407216135e-06,1,1,V6F,NA,NA,NA
V75V,75,synonymous_variant,6.97973086157798e-06,1,1,V75V,NA,NA,NA
V76L,76,missense_variant,3.97835773392743e-06,1,1,V76L,NA,NA,NA
V76V,76,synonymous_variant,0.000453630820539593,179,1,V76V,NA,NA,NA
V83M,83,missense_variant,2.53386510715716e-05,10,1,V83M,NA,NA,NA
WT,NA,NA,NA,NA,NA,*1,normal function,normal function,NA
S162X,NA,NA,NA,NA,NA,*15,no function,no function,limited
P382S,NA,NA,NA,NA,NA,*17,uncertain function,uncertain function,inadequate evidence
N41D,NA,NA,NA,NA,NA,*22,uncertain function,uncertain function,inadequate evidence
V76M,NA,NA,NA,NA,NA,*23,decreased function,decreased function,limited
T130R,NA,NA,NA,NA,NA,*26,decreased function,decreased function,limited
Q214L,NA,NA,NA,NA,NA,*28,decreased function,decreased function,limited
M1V,NA,NA,NA,NA,NA,*36,uncertain function,uncertain function,inadequate evidence
G96A,NA,NA,NA,NA,NA,*38,decreased function,decreased function,limited
F110S,NA,NA,NA,NA,NA,*40,uncertain function,uncertain function,inadequate evidence
I222V,NA,NA,NA,NA,NA,*49,uncertain function,uncertain function,inadequate evidence
P227S,NA,NA,NA,NA,NA,*50,decreased function,decreased function,limited
I284V,NA,NA,NA,NA,NA,*51,uncertain function,uncertain function,inadequate evidence
P317S,NA,NA,NA,NA,NA,*53,uncertain function,uncertain function,inadequate evidence
S343R,NA,NA,NA,NA,NA,*54,uncertain function,uncertain function,inadequate evidence
N204H,NA,NA,NA,NA,NA,*57,unknown function,unknown function,NA
I434F,NA,NA,NA,NA,NA,*59,decreased function,uncertain function,inadequate evidence
